Country,Our World In Data Name
Australia,Australia
Austria,Austria
Belgium,Belgium
Canada,Canada
Denmark,Denmark
France,France
United Kingdom,United Kingdom
Germany,Germany
Greece,Greece
Hong Kong,Hong Kong
Italy,Italy
Luxembourg,Luxembourg
Morocco,Morocco
Netherlands,Netherlands
Norway,Norway
Spain,Spain
Sweden,Sweden
Switzerland,Switzerland
Tunisia,Tunisia
Turkey,Turkey
Unknown,Unknown
United States,United States
Democratic Republic of Congo,Democratic Republic of Congo
Togo,Togo
Burundi,Burundi
Tanzania,Tanzania
Uganda,Uganda
Iran,Iran
Senegal,Senegal
Egypt,Egypt
Macao,Macao
Central African Republic,Central African Republic
Cambodia,Cambodia
India,India
Nepal,Nepal
Lebanon,Lebanon
Serbia and Kosovo: S/RES/1244 (1999),Serbia and Kosovo: S/RES/1244 (1999)
Rwanda,Rwanda
Zambia,Zambia
Bhutan,Bhutan
China,China
Sudan,Sudan
New Zealand,New Zealand
Botswana,Botswana
Cyprus,Cyprus
Equatorial Guinea,Equatorial Guinea
Ethiopia,Ethiopia
United Arab Emirates,United Arab Emirates
Venezuela,Venezuela
Benin,Benin
Liberia,Liberia
Sierra Leone,Sierra Leone
Argentina,Argentina
Brazil,Brazil
Chile,Chile
Congo,Congo
Gabon,Gabon
Ghana,Ghana
Cote d'Ivoire,Cote d'Ivoire
Paraguay,Paraguay
Peru,Peru
Mexico,Mexico
Kenya,Kenya
Lesotho,Lesotho
Eswatini,Eswatini
Algeria,Algeria
Cameroon,Cameroon
Colombia,Colombia
Dominican Republic,Dominican Republic
Uruguay,Uruguay
Jordan,Jordan
Vietnam,Vietnam
Mali,Mali
Ecuador,Ecuador
Costa Rica,Costa Rica
Guatemala,Guatemala
Guyana,Guyana
Laos,Laos
Bolivia,Bolivia
Honduras,Honduras
Nicaragua,Nicaragua
Panama,Panama
El Salvador,El Salvador
Cuba,Cuba
Bahrain,Bahrain
Saudi Arabia,Saudi Arabia
Thailand,Thailand
Mozambique,Mozambique
Philippines,Philippines
Portugal,Portugal
Angola,Angola
Nigeria,Nigeria
Malaysia,Malaysia
Romania,Romania
Djibouti,Djibouti
Somalia,Somalia
Niger,Niger
Japan,Japan
Yemen,Yemen
Papua New Guinea,Papua New Guinea
Bangladesh,Bangladesh
Indonesia,Indonesia
South Korea,South Korea
Singapore,Singapore
Syria,Syria
Pakistan,Pakistan
Iraq,Iraq
Kuwait,Kuwait
Qatar,Qatar
Zimbabwe,Zimbabwe
Belize,Belize
Guinea-Bissau,Guinea-Bissau
Burkina Faso,Burkina Faso
Ireland,Ireland
Finland,Finland
Malawi,Malawi
Mauritania,Mauritania
Hungary,Hungary
French Guiana,French Guiana
Gambia,Gambia
Guinea,Guinea
Afghanistan,Afghanistan
Iceland,Iceland
Namibia,Namibia
Cape Verde,Cape Verde
Czechia,Czechia
Jamaica,Jamaica
Sri Lanka,Sri Lanka
Poland,Poland
Tajikistan,Tajikistan
Azerbaijan,Azerbaijan
Armenia,Armenia
Slovenia,Slovenia
Bahamas,Bahamas
Suriname,Suriname
Albania,Albania
Bulgaria,Bulgaria
Chad,Chad
Croatia,Croatia
North Macedonia,North Macedonia
Kazakhstan,Kazakhstan
Kyrgyzstan,Kyrgyzstan
Turkmenistan,Turkmenistan
Uzbekistan,Uzbekistan
Libya,Libya
Malta,Malta
Eritrea,Eritrea
South Africa,South Africa
Slovakia,Slovakia
Belarus,Belarus
Ukraine,Ukraine
Madagascar,Madagascar
Fiji,Fiji
Solomon Islands,Solomon Islands
Georgia,Georgia
Russia,Russia
Bosnia and Herzegovina,Bosnia and Herzegovina
Lithuania,Lithuania
Saint Lucia,Saint Lucia
Israel,Israel
Moldova,Moldova
Latvia,Latvia
Comoros,Comoros
Mauritius,Mauritius
Liechtenstein,Liechtenstein
Estonia,Estonia
Timor,Timor
Oman,Oman
Mongolia,Mongolia
Myanmar,Myanmar
Montenegro,Montenegro
Trinidad and Tobago,Trinidad and Tobago
Vanuatu,Vanuatu
Palau,Palau
Curacao,Curacao
Brunei,Brunei
South Sudan,South Sudan
Grenada,Grenada
Sint Maarten (Dutch part),Sint Maarten (Dutch part)
Monaco,Monaco
Turks and Caicos Islands,Turks and Caicos Islands
Cayman Islands,Cayman Islands
Nauru,Nauru
Micronesia (country),Micronesia (country)
Haiti,Haiti
Antigua and Barbuda,Antigua and Barbuda
Samoa,Samoa
Saint Kitts and Nevis,Saint Kitts and Nevis
Aruba,Aruba
Unknown ,Unknown
Dem. Rep. of the Congo,Democratic Republic of Congo
Russian Federation,Russia
Viet Nam,Vietnam
Tibetan,Tibet
Cabo Verde,Cape Verde
Syrian Arab Rep.,Syria
Bolivia (Plurinational State of),Bolivia
United Rep. of Tanzania,Tanzania
United Republic of Tanzania, Tanzania
Lao People's Dem. Rep.,Laos
Western Sahara,Western Sahara
Palestinian,Palestine
Dominican Rep.,Dominican Republic
Iran (Islamic Rep. of),Iran
Stateless,Stateless
Central African Rep.,Central African Republic
Sao Tome and Principe,Sao Tome and Principe
Seychelles,Seychelles
Rep. of Korea,South Korea
United States of America,United States
Venezuela (Bolivarian Republic of),Venezuela
Rep. of Moldova,Moldova
Barbados,Barbados
United Kingdom of Great Britain and Northern Ireland,United Kingdom
"China, Hong Kong SAR",Hong Kong
Puerto Rico,Puerto Rico
Saint Vincent and the Grenadines,Saint Vincent and the Grenadines
Brunei Darussalam,Brunei
Tuvalu,Tuvalu
Dem. People's Rep. of Korea,North Korea
Tonga,Tonga
San Marino,San Marino
Timor-Leste,Timor
"China, Macao SAR",Macao
Dominica,Dominica
Andorra,Andorra
Kiribati,Kiribati
Maldives,Maldives
Niue,Niue
Curacao ,Curacao
Marshall Islands,Marshall Islands
WORLD,World
Sub-Saharan Africa,Sub-Saharan Africa
Northern Africa and Western Asia,Northern Africa and Western Asia
Central and Southern Asia,Central and Southern Asia
Eastern and South-Eastern Asia,Eastern and South-Eastern Asia
Latin America and the Caribbean,Latin America and the Caribbean
Oceania (excluding Australia and New Zealand),Oceania (excluding Australia and New Zealand)
Australia and New Zealand,Australia and New Zealand
Europe and Northern America,Europe and Northern America
Developed regions,Developed regions
Less developed regions,Less developed regions
"Less developed regions, excluding least developed countries","Less developed regions, excluding least developed countries"
"Less developed regions, excluding China","Less developed regions, excluding China"
Least developed countries,Least developed countries
Land-locked Developing Countries (LLDC),Land-locked Developing Countries (LLDC)
Small island developing States (SIDS),Small island developing States (SIDS)
High-income countries,High-income countries
Middle-income countries,Middle-income countries
Upper-middle-income countries,Upper-middle-income countries
Lower-middle-income countries,Lower-middle-income countries
Low-income countries,Low-income countries
AFRICA,Africa
Africa,Africa
Eastern Africa,Eastern Africa
Burundi,Burundi
Comoros,Comoros
Djibouti,Djibouti
Eritrea,Eritrea
Ethiopia,Ethiopia
Kenya,Kenya
Madagascar,Madagascar
Malawi,Malawi
Mauritius*,Mauritius
Mayotte*,Mayotte
Mozambique,Mozambique
Réunion*,Reunion
Rwanda,Rwanda
Seychelles,Seychelles
Somalia,Somalia
South Sudan,South Sudan
Uganda,Uganda
United Republic of Tanzania*,Tanzania
Zambia,Zambia
Zimbabwe,Zimbabwe
Middle Africa,Middle Africa
Angola,Angola
Cameroon,Cameroon
Central African Republic,Central African Republic
Chad,Chad
Congo,Congo
Democratic Republic of the Congo,Democratic Republic of Congo
Equatorial Guinea,Equatorial Guinea
Gabon,Gabon
Sao Tome and Principe,Sao Tome and Principe
Northern Africa,Northern Africa
Algeria,Algeria
Egypt,Egypt
Libya,Libya
Morocco,Morocco
Sudan,Sudan
Tunisia,Tunisia
Western Sahara,Western Sahara
Southern Africa,Southern Africa
Botswana,Botswana
Eswatini,Eswatini
Lesotho,Lesotho
Namibia,Namibia
South Africa,South Africa
Western Africa,Western Africa
Benin,Benin
Burkina Faso,Burkina Faso
Cabo Verde,Cape Verde
Côte d'Ivoire,Cote d'Ivoire
Gambia,Gambia
Ghana,Ghana
Guinea,Guinea
Guinea-Bissau,Guinea-Bissau
Liberia,Liberia
Mali,Mali
Mauritania,Mauritania
Niger,Niger
Nigeria,Nigeria
Saint Helena*,Saint Helena
Senegal,Senegal
Sierra Leone,Sierra Leone
Togo,Togo
ASIA,Asia
Central Asia,Central Asia
Kazakhstan,Kazakhstan
Kyrgyzstan,Kyrgyzstan
Tajikistan,Tajikistan
Turkmenistan,Turkmenistan
Uzbekistan,Uzbekistan
Eastern Asia,Eastern Asia
China*,China
"   China, Hong Kong SAR*",Hong Kong
"   China, Macao SAR*",Macao
"   China, Taiwan Province of China*",Taiwan
Dem. People's Republic of Korea,North Korea
Japan,Japan
Mongolia,Mongolia
Republic of Korea,South Korea
South-Eastern Asia,South-Eastern Asia
Brunei Darussalam,Brunei
Cambodia,Cambodia
Indonesia,Indonesia
Lao People's Democratic Republic,Laos
Malaysia*,Malaysia
Myanmar,Myanmar
Philippines,Philippines
Singapore,Singapore
Thailand,Thailand
Timor-Leste,Timor-Leste
Viet Nam,Vietnam
Southern Asia,Southern Asia
Afghanistan,Afghanistan
Bangladesh,Bangladesh
Bhutan,Bhutan
India,India
Iran (Islamic Republic of),Iran
Maldives,Maldives
Nepal,Nepal
Pakistan,Pakistan
Sri Lanka,Sri Lanka
Western Asia,Western Asia
Armenia,Armenia
Azerbaijan*,Azerbaijan
Bahrain,Bahrain
Cyprus*,Cyprus
Georgia*,Georgia
Iraq,Iraq
Israel,Israel
Jordan,Jordan
Kuwait,Kuwait
Lebanon,Lebanon
Oman,Oman
Qatar,Qatar
Saudi Arabia,Saudi Arabia
State of Palestine*,Palestine
Syrian Arab Republic,Syria
Turkey,Turkey
United Arab Emirates,United Arab Emirates
Yemen,Yemen
EUROPE,Europe
Eastern Europe,Eastern Europe
Belarus,Belarus
Bulgaria,Bulgaria
Czechia,Czechia
Hungary,Hungary
Poland,Poland
Republic of Moldova*,Moldova
Romania,Romania
Russian Federation,Russia
Slovakia,Slovakia
Ukraine*,Ukraine
Northern Europe,Northern Europe
Channel Islands*,Channel Islands
Denmark*,Denmark
Estonia,Estonia
Faroe Islands*,Faeroe Islands
Finland*,Finland
Iceland,Iceland
Ireland,Ireland
Isle of Man*,Isle of Man
Latvia,Latvia
Lithuania,Lithuania
Norway*,Norway
Sweden,Sweden
United Kingdom*,United Kingdom
Southern Europe,Southern Europe
Albania,Albania
Andorra,Andorra
Bosnia and Herzegovina,Bosnia and Herzegovina
Croatia,Croatia
Gibraltar*,Gibraltar
Greece,Greece
Holy See*,Vatican
Italy,Italy
Malta,Malta
Montenegro,Montenegro
North Macedonia,North Macedonia
Portugal,Portugal
San Marino,San Marino
Serbia*,Serbia
Slovenia,Slovenia
Spain*,Spain
Western Europe,Western Europe
Austria,Austria
Belgium,Belgium
France*,France
Germany,Germany
Liechtenstein,Liechtenstein
Luxembourg,Luxembourg
Monaco,Monaco
Netherlands*,Netherlands
Switzerland,Switzerland
LATIN AMERICA AND THE CARIBBEAN,Latin America and the Caribbean
Caribbean,Caribbean
Anguilla*,Anguilla
Antigua and Barbuda,Antigua and Barbuda
Aruba*,Aruba
Bahamas,Bahamas
Barbados,Barbados
"   Bonaire, Sint Eustatius and Saba*",Bonaire Sint Eustatius and Saba
British Virgin Islands*,British Virgin Islands
Cayman Islands*,Cayman Islands
Cuba,Cuba
Curaçao*,Curacao
Dominica,Dominica
Dominican Republic,Dominican Republic
Grenada,Grenada
Guadeloupe*,Guadeloupe
Haiti,Haiti
Jamaica,Jamaica
Martinique*,Martinique
Montserrat*,Montserrat
Puerto Rico*,Puerto Rico
Saint Barthélemy*,Saint Barthlemy
Saint Kitts and Nevis,Saint Kitts and Nevis
Saint Lucia,Saint Lucia
Saint Martin (French part)*,Saint Martin (French part)
Saint Vincent and the Grenadines,Saint Vincent and the Grenadines
Sint Maarten (Dutch part)*,Sint Maarten (Dutch part)
Trinidad and Tobago,Trinidad and Tobago
Turks and Caicos Islands*,Turks and Caicos Islands
United States Virgin Islands*,United States Virgin Islands
Central America,Central America
Belize,Belize
Costa Rica,Costa Rica
El Salvador,El Salvador
Guatemala,Guatemala
Honduras,Honduras
Mexico,Mexico
Nicaragua,Nicaragua
Panama,Panama
South America,South America
Argentina,Argentina
Bolivia (Plurinational State of),Bolivia
Brazil,Brazil
Chile,Chile
Colombia,Colombia
Ecuador,Ecuador
Falkland Islands (Malvinas)*,Falkland Islands
French Guiana*,French Guiana
Guyana,Guyana
Paraguay,Paraguay
Peru,Peru
Suriname,Suriname
Uruguay,Uruguay
Venezuela (Bolivarian Republic of),Venezuela
NORTHERN AMERICA,Northern America
Bermuda*,Bermuda
Canada,Canada
Greenland*,Greenland
Saint Pierre and Miquelon*,Saint Pierre and Miquelon
United States of America*,United States
OCEANIA ,Oceania
Australia*,Australia
New Zealand*,New Zealand
Melanesia,Melanesia
Fiji,Fiji
New Caledonia*,New Caledonia
Papua New Guinea,Papua New Guinea
Solomon Islands,Solomon Islands
Vanuatu,Vanuatu
Micronesia,Micronesia (country)
Guam*,Guam
Kiribati,Kiribati
Marshall Islands,Marshall Islands
Micronesia (Fed. States of),Micronesia (region)
Micronesia (Federated States of),Micronesia (region)
Nauru,Nauru
Northern Mariana Islands*,Northern Mariana Islands
Palau,Palau
Polynesia*,Polynesia
American Samoa*,American Samoa
Cook Islands*,Cook Islands
French Polynesia*,French Polynesia
Niue*,Niue
Samoa,Samoa
Tokelau*,Tokelau
Tonga,Tonga
Tuvalu,Tuvalu
Wallis and Futuna Islands*,Wallis and Futuna
OTHER,Other
UN development groups,UN development groups
More developed regions,More developed regions
Small Island Developing States (SIDS),Small Island Developing States (SIDS)
World Bank income groups,World Bank income groups
No income group available,No income group available
Geographic regions,Geographic regions
Asia,Asia
Europe,Europe
Northern America,Northern America
Oceania,Oceania
Sustainable Development Goal (SDG) regions,Sustainable Development Goal (SDG) regions
SUB-SAHARAN AFRICA,Sub-Saharan Africa
Mayotte,Mayotte
Réunion,Reunion
NORTHERN AFRICA AND WESTERN ASIA,Northern Africa and Western Asia
State of Palestine,Palestine
CENTRAL AND SOUTHERN ASIA, Central and Southern Asia
EASTERN AND SOUTH-EASTERN ASIA, Eastern and South-Eastern Asia
"China, Taiwan Province of China", Taiwan
Curaçao,Curacao
Guadeloupe,Guadeloupe
Martinique,Martinique
United States Virgin Islands,United States Virgin Islands
AUSTRALIA/NEW ZEALAND,Australia/New Zealand
OCEANIA (EXCLUDING AUSTRALIA AND NEW ZEALAND),Oceania (excluding Australia and New Zealand)
New Caledonia,New Caledonia
Guam,Guam
Polynesia,Polynesia
French Polynesia,French Polynesia
EUROPE AND NORTHERN AMERICA,Europe and Northern America
Republic of Moldova,Moldova
Channel Islands,Channel Islands
Serbia,Serbia
American Samoa,American Samoa
Anguilla,Anguilla
Bermuda,Bermuda
"Bonaire, Sint Eustatius and Saba",Bonaire Sint Eustatius and Saba
British Virgin Islands,British Virgin Islands
"China, Hong Kong Special Administrative Region",Hong Kong
"China, Macao Special Administrative Region",Macao
Cook Islands,Cook Islands
Democratic People's Republic of Korea,North Korea
Falkland Islands (Malvinas),Falkland Islands
Faroe Islands,Faeroe Islands
Gibraltar,Gibraltar
Greenland,Greenland
Holy See,Vatican
Isle of Man,Isle of Man
Montserrat,Montserrat
Northern Mariana Islands,Northern Mariana Islands
"Saint Helena, Ascension and Tristan da Cunha","Saint Helena, Ascension and Tristan da Cunha"
Saint Pierre and Miquelon,Saint Pierre and Miquelon
Sint Maarten,Sint Maarten (Dutch part)
Tokelau,Tokelau
Virgin Islands U.S.,United States Virgin Islands
Wallis and Futuna,Wallis and Futuna
East Asia and Pacific,East Asia and Pacific
Europe and Central Asia,Europe and Central Asia
Latin America and Caribbean,Latin America and Caribbean
Middle East and North Africa,Middle East and North Africa
North America,North America
South Asia,South Asia
Eastern Europe and Central Asia,Eastern Europe and Central Asia
Eastern and Southern Africa,Eastern and Southern Africa
West and Central Africa,West and Central Africa
World,World
Abyei Area,Abyei Area
Dem. Rep. Congo,Democratic Republic of Congo
Lao PDR,Laos
Palestine,Palestine
Kosovo,Kosovo
Czech Republic,Czechia
"Hong Kong, China",Hong Kong
St. Kitts and Nevis,Saint Kitts and Nevis
Korea,South Korea
St. Lucia,Saint Lucia
"Macao, China", Macao
St. Martin (French part),Saint Martin (French part)
"Dem. People's Rep. Korea",North Korea
"Taiwan, China", Taiwan
St. Vincent and the Grenadines,Saint Vincent and the Grenadines
Virgin Islands (U.S.),United States Virgin Islands
Africa Eastern and Southern,Africa Eastern and Southern
Africa Western and Central,Africa Western and Central
Arab World,Arab World
"Bahamas, The",Bahamas
Central Europe and the Baltics,Central Europe and the Baltics
"Congo, Dem. Rep.",Democratic Republic of Congo
"Congo, Rep.",Congo
Caribbean small states,Caribbean small states
East Asia & Pacific (excluding high income),East Asia & Pacific (excluding high income)
Early-demographic dividend,Early-demographic dividend
East Asia & Pacific,East Asia & Pacific
Europe & Central Asia (excluding high income),Europe & Central Asia (excluding high income)
Europe & Central Asia,Europe & Central Asia
"Egypt, Arab Rep.",Egypt
Euro area,Euro area
European Union,European Union
Fragile and conflict affected situations,Fragile and conflict affected situations
"Micronesia, Fed. Sts.",Micronesia (region)
"Gambia, The",Gambia
High income,High income
"Hong Kong SAR, China",Hong Kong
Heavily indebted poor countries (HIPC),Heavily indebted poor countries (HIPC)
IBRD only,IBRD only
IDA & IBRD total,IDA & IBRD total
IDA total,IDA total
IDA blend,IDA blend
IDA only, IDA only
Not classified,Not classified
"Iran, Islamic Rep.",Iran
Kyrgyz Republic,Kyrgyzstan
"Korea, Rep.",South Korea
Latin America & Caribbean (excluding high income),Latin America & Caribbean (excluding high income)
Latin America & Caribbean,Latin America & Caribbean
Least developed countries: UN classification,Least developed countries: UN classification
Low income,Low income
Lower middle income,Lower middle income
Low & middle income,Low & middle income
Late-demographic dividend,Late-demographic dividend
"Macao SAR, China",Macao
Middle East & North Africa,Middle East & North Africa
Middle income,Middle income
Middle East & North Africa (excluding high income),Middle East & North Africa (excluding high income)
OECD members,OECD members
Other small states,Other small states
Pre-demographic dividend,Pre-demographic dividend
"Korea, Dem. People's Rep.",North Korea
West Bank and Gaza,West Bank and Gaza
Pacific island small states,Pacific island small states
Post-demographic dividend,Post-demographic dividend
Sub-Saharan Africa (excluding high income),Sub-Saharan Africa (excluding high income)
Small states,Small states
Slovak Republic,Slovakia
East Asia & Pacific (IDA & IBRD countries),East Asia & Pacific (IDA & IBRD countries)
Europe & Central Asia (IDA & IBRD countries),Europe & Central Asia (IDA & IBRD countries)
Latin America & the Caribbean (IDA & IBRD countries),Latin America & the Caribbean (IDA & IBRD countries)
Middle East & North Africa (IDA & IBRD countries),Middle East & North Africa (IDA & IBRD countries)
South Asia (IDA & IBRD),South Asia (IDA & IBRD)
Sub-Saharan Africa (IDA & IBRD countries),Sub-Saharan Africa (IDA & IBRD countries)
Upper middle income,Upper middle income
"Venezuela, RB",Venezuela
"Yemen, Rep.",Yemen